dataset_name,random_state,cm_tr,cm_ts
vc2c,1688120438,[151  17  23  57],[39  3 10 10]
vc2c,1574939224,[148  20  20  60],[37  5  0 20]
vc2c,1772115024,[157  11  27  53],[37  5  4 16]
vc2c,223177552,[151  17  21  59],[36  6  2 18]
vc2c,823797517,[153  15  23  57],[39  3  4 16]
vc2c,63040297,[152  16  21  59],[37  5  4 16]
vc3c,1320910298,[ 39   8   1  18  57   5  15   4 101],[11  1  0  5 14  1  3  1 26]
vc2c,349113877,[156  12  30  50],[38  4  3 17]
vc2c,173714041,[155  13  26  54],[39  3  9 11]
vc2c,702861175,[153  15  23  57],[38  4  7 13]
vc2c,380269677,[156  12  31  49],[42  0 12  8]
vc2c,567860406,[154  14  27  53],[39  3  6 14]
vc2c,730575025,[148  20  21  59],[41  1  9 11]
vc2c,1675535513,[155  13  28  52],[40  2  7 13]
vc2c,495778187,[155  13  26  54],[37  5  5 15]
vc3c,377822342,[ 34  14   0  22  56   2   8   5 107],[12  0  0  4 15  1  3  1 26]
vc2c,1586326972,[153  15  26  54],[39  3  5 15]
vc2c,1250963153,[157  11  30  50],[38  4 10 10]
vc2c,292988335,[157  11  28  52],[41  1 10 10]
vc2c,1208057369,[153  15  24  56],[40  2  7 13]
vc2c,375682159,[156  12  21  59],[36  6  7 13]
vc2c,844867540,[158  10  26  54],[36  6  9 11]
vc3c,641931343,[ 41   6   1  19  55   6  12   7 101],[ 8  4  0  4 15  1  3  1 26]
vc2c,2015820521,[150  18  25  55],[42  0  4 16]
vc3c,133006160,[ 36  12   0  19  58   3   8   5 107],[ 8  4  0  8 12  0  4  0 26]
vc2c,1040585337,[154  14  26  54],[42  0  7 13]
vc2c,368961245,[155  13  25  55],[39  3 10 10]
vc2c,139017236,[151  17  18  62],[38  4  4 16]
vc2c,829986915,[152  16  20  60],[38  4  5 15]
vc2c,1980932681,[152  16  25  55],[40  2  5 15]
vc3c,1530937790,[ 36  12   0  15  63   2   7   5 108],[ 8  4  0  5 14  1  4  3 23]
vc2c,1056830043,[153  15  18  62],[33  9  5 15]
vc2c,399499449,[158  10  29  51],[36  6  7 13]
vc3c,1000819612,[ 38   9   1  19  54   7  11   5 104],[10  2  0  6 12  2  5  1 24]
vc2c,834749963,[156  12  26  54],[39  3  9 11]
vc2c,915280321,[155  13  24  56],[36  6  7 13]
vc2c,254628334,[155  13  31  49],[40  2  5 15]
vc2c,879897629,[154  14  26  54],[39  3  8 12]
vc3c,1374845114,[ 39   8   1  21  51   8  14   4 102],[11  1  0  6 13  1  3  1 26]
vc2c,2111180817,[153  15  19  61],[36  6  4 16]
vc3c,913970101,[ 42   5   1  24  50   6  14   5 101],[10  2  0  5 15  0  2  2 26]
vc2c,674751741,[156  12  25  55],[38  4 10 10]
vc3c,1688120438,[ 41   6   1  21  53   6  12   5 103],[10  1  1 10  9  1  3  0 27]
vc2c,919435187,[155  13  29  51],[40  2  6 14]
vc2c,390873262,[157  11  26  54],[39  3  9 11]
vc2c,614349878,[158  10  26  54],[41  1 10 10]
vc3c,2007166991,[ 41   6   1  20  53   7  15   4 101],[ 7  5  0  6 13  1  1  2 27]
vc2c,838666224,[156  12  25  55],[36  6  6 14]
vc3c,571639701,[ 40   7   1  22  51   7  14   4 102],[11  1  0  5 14  1  3  1 26]
vc2c,1372041979,[154  14  22  58],[35  7  8 12]
vc2c,1278535671,[157  11  27  53],[41  1 10 10]
vc2c,1565921456,[157  11  28  52],[38  4  6 14]
vc3c,1772115024,[ 39   8   1  20  54   6  14   4 102],[ 9  3  0  2 15  3  3  1 26]
vc2c,1687681813,[153  15  29  51],[42  0 10 10]
vc3c,1574939224,[ 37  10   1  21  54   5  11   5 104],[12  0  0  4 16  0  6  1 23]
vc3c,1448292546,[ 38   9   1  20  56   4  12   4 104],[ 9  3  0  3 15  2  3  1 26]
vc2c,700577981,[155  13  27  53],[37  5  5 15]
vc2c,851227813,[157  11  25  55],[37  5  7 13]
vc2c,1216982159,[152  16  20  60],[35  7  4 16]
vc2c,1896513159,[155  13  26  54],[41  1  7 13]
vc3c,823797517,[ 40   7   1  21  54   5  13   6 101],[ 8  4  0  3 16  1  4  0 26]
vc2c,43597691,[156  12  23  57],[39  3  7 13]
vc3c,349113877,[ 35  13   0  19  58   3   8   4 108],[ 7  5  0  3 17  0  4  1 25]
vc2c,267322110,[157  11  28  52],[39  3  7 13]
vc2c,345568667,[155  13  28  52],[40  2  5 15]
vc2c,2063848834,[157  11  28  52],[39  3  4 16]
vc2c,975070137,[155  13  26  54],[39  3  9 11]
vc3c,567860406,[ 38   9   1  22  53   5  11   3 106],[10  1  1  4 14  2  2  3 25]
vc3c,1675535513,[ 41   6   1  19  55   6  12   4 104],[ 8  3  1  8 12  0  1  3 26]
vc2c,1429796205,[154  14  21  59],[38  4 10 10]
vc3c,380269677,[ 40   7   1  23  51   6  14   4 102],[11  1  0  7 12  1  1  1 28]
vc2c,827166624,[158  10  21  59],[35  7  8 12]
vc2c,835275023,[157  11  28  52],[39  3  9 11]
vc2c,1292477511,[156  12  31  49],[41  1  4 16]
vc3c,495778187,[ 37  11   0  17  61   2   7   5 108],[ 5  7  0  2 17  1  2  1 27]
vc3c,375682159,[ 39   8   1  17  55   8  13   4 103],[ 8  3  1  5 13  2  0  2 28]
vc2c,1406300211,[155  13  28  52],[41  1  9 11]
vc3c,1250963153,[ 37   9   2  19  56   5  12   3 105],[10  2  0  7 10  3  4  2 24]
vc2c,1614471612,[157  11  22  58],[34  8 12  8]
vc2c,1916154678,[155  13  27  53],[40  2  5 15]
vc2c,2006175329,[158  10  25  55],[38  4  9 11]
vc2c,468338682,[155  13  26  54],[41  1 10 10]
vc3c,844867540,[ 41   6   1  18  57   5  13   5 102],[ 7  5  0  7 10  3  4  0 26]
vc2c,1837987233,[151  17  22  58],[38  4  4 16]
vc3c,139017236,[ 40   7   1  17  56   7  10   4 106],[ 8  3  1  7 13  0  3  2 25]
vc3c,292988335,[ 39   8   1  18  54   8  12   5 103],[10  2  0  8 11  1  4  1 25]
vc2c,105877503,[150  18  22  58],[35  7  5 15]
vc2c,1885254942,[156  12  30  50],[39  3  9 11]
vc2c,76675552,[157  11  28  52],[39  3  7 13]
vc2c,1320910298,[157  11  27  53],[41  1  8 12]
vc3c,1980932681,[ 36  12   0  18  59   3  10   5 105],[11  1  0  6 14  0  0  0 30]
vc2c,641931343,[158  10  23  57],[35  7  7 13]
vc3c,915280321,[ 40   7   1  25  50   5  15   4 101],[11  1  0  6 13  1  3  0 27]
vc3c,829986915,[ 39   9   0  23  49   8  13   3 104],[10  2  0  3 17  0  6  1 23]
vc2c,150112056,[154  14  28  52],[39  3  8 12]
vc2c,1062239611,[157  11  28  52],[39  3  4 16]
vc2c,831782023,[155  13  24  56],[37  5  6 14]
vc2c,377822342,[158  10  30  50],[40  2  6 14]
vc3c,254628334,[ 39   8   1  20  53   7  14   4 102],[10  2  0  5 14  1  2  2 26]
vc2c,1530937790,[149  19  20  60],[40  2  6 14]
vc3c,919435187,[ 39   8   1  21  54   5  12   4 104],[ 8  4  0  3 14  3  4  2 24]
vc2c,835526394,[156  12  26  54],[39  3 10 10]
vc3c,879897629,[ 38  10   0  19  59   2   7   5 108],[ 9  3  0  8 12  0  2  0 28]
vc2c,1191732320,[158  10  29  51],[37  5  6 14]
vc2c,1538414818,[156  12  27  53],[41  1  9 11]
vc3c,390873262,[ 35  12   1  22  53   5  15   3 102],[10  2  0  1 17  2  3  1 26]
vc2c,133006160,[152  16  16  64],[35  7  8 12]
vc2c,1374845114,[153  15  27  53],[35  7  2 18]
vc3c,1278535671,[ 41   7   0  18  57   5  13   4 103],[ 8  3  1  7 12  1  5  2 23]
vc3c,614349878,[ 36  12   0  14  65   1   6   4 110],[10  2  0  6 12  2  2  1 27]
vc2c,992352623,[158  10  27  53],[40  2  7 13]
vc3c,1565921456,[ 41   6   1  25  49   6  15   4 101],[10  2  0  4 15  1  2  1 27]
vc2c,1000819612,[155  13  26  54],[39  3  8 12]
vc2c,2007166991,[156  12  29  51],[41  1  9 11]
vc3c,851227813,[ 42   5   1  22  54   4  13   5 102],[ 9  2  1  7 12  1  2  3 25]
vc3c,1687681813,[ 39   9   0  21  51   8  14   5 101],[10  1  1  6 12  2  2  0 28]
vc2c,714771773,[154  14  22  58],[36  6  7 13]
vc2c,293835627,[156  12  22  58],[37  5  8 12]
vc2c,722158869,[149  19  28  52],[41  1  3 17]
vc3c,1216982159,[ 38   9   1  24  49   7  16   4 100],[12  0  0  4 15  1  2  0 28]
vc2c,913970101,[155  13  27  53],[38  4  5 15]
vc2c,1448292546,[155  13  21  59],[31 11  5 15]
vc3c,345568667,[ 40   8   0  22  52   6  12   5 103],[ 9  2  1  4 14  2  6  1 23]
vc2c,2026330702,[155  13  24  56],[38  4  7 13]
vc2c,1090505867,[153  15  26  54],[38  4  7 13]
vc3c,43597691,[ 39   9   0  20  55   5  16   3 101],[11  1  0  5 13  2  5  0 25]
vc2c,1947729121,[151  17  25  55],[40  2  4 16]
vc3c,2063848834,[ 40   7   1  23  52   5  13   5 102],[10  2  0  3 16  1  4  1 25]
vc3c,1531777415,[ 39   8   1  25  48   7  13   4 103],[12  0  0  7 13  0  2  1 27]
vc3c,835275023,[ 37  10   1  21  51   8  12   4 104],[10  2  0  8 10  2  3  2 25]
vc3c,722158869,[ 33  15   0  19  58   3  10   2 108],[10  2  0  1 19  0  1  3 26]
vc2c,1291312215,[156  12  27  53],[40  2  3 17]
vc2c,536714102,[155  13  28  52],[42  0  6 14]
vc3c,1429796205,[ 38   9   1  19  54   7  14   4 102],[11  1  0  7 11  2  2  2 26]
vc2c,164662770,[150  18  20  60],[39  3  6 14]
vc3c,54454491,[ 35  13   0  17  61   2   6   5 109],[ 7  5  0  8 11  1  4  1 25]
vc3c,1916154678,[ 39   9   0  21  54   5  11   5 104],[10  1  1  5 12  3  6  0 24]
vc3c,1947729121,[ 43   5   0  23  52   5  14   5 101],[ 9  2  1  6 13  1  2  1 27]
vc3c,714771773,[ 33  15   0  13  65   2   8   3 109],[ 6  6  0  6 13  1  3  3 24]
vc2c,2070448984,[154  14  26  54],[40  2  6 14]
vc3c,1406300211,[ 40   7   1  24  49   7  16   4 100],[ 9  3  0  4 16  0  2  0 28]
vc3c,468338682,[ 39   8   1  25  48   7  14   5 101],[10  2  0  3 16  1  3  0 27]
vc3c,1885254942,[ 40   7   1  20  56   4  15   4 101],[11  1  0 11  7  2  3  0 27]
vc3c,164662770,[ 36  12   0  16  62   2   6   5 109],[10  2  0  6 13  1  3  0 27]
vc3c,1090505867,[ 35  13   0  19  59   2   8   5 107],[ 8  4  0  5 14  1  2  0 28]
vc2c,1717248433,[154  14  23  57],[38  4  8 12]
vc3c,1837987233,[ 37  10   1  21  51   8  12   3 105],[10  1  1  5 15  0  2  3 25]
vc3c,293835627,[ 40   7   1  21  53   6  15   4 101],[11  1  0  7 13  0  3  0 27]
vc2c,318237287,[154  14  27  53],[39  3  4 16]
vc3c,1062239611,[ 38   9   1  17  57   6  11   3 106],[ 9  3  0  5 13  2  7  3 20]
vc3c,172788376,[ 37  10   1  21  56   3  14   4 102],[11  0  1  6 12  2  3  2 25]
vc3c,2026330702,[ 41   7   0  18  55   7  14   4 102],[ 9  2  1  7 13  0  3  2 25]
vc3c,1191732320,[ 39   8   1  22  50   8  13   4 103],[11  1  0  6 14  0  4  0 26]
vc3c,318237287,[ 41   7   0  27  48   5  16   3 101],[12  0  0  3 16  1  2  0 28]
vc3c,2070448984,[ 41   6   1  20  52   8  11   5 104],[ 9  3  0  5 13  2  4  2 24]
wf24f,1565921456,"[1486  265    0   13  449 1220    3    5  161   83   18    0  464  131
    0   66]",[381  58   0   2 118 300   0   2  48  13   5   0 117  30   0  18]
wf24f,835275023,"[1480  275    0    9  438 1234    3    2  162   75   25    0  465  134
    0   62]",[376  63   0   2 118 300   0   2  48  13   5   0 112  35   0  18]
wf24f,1687681813,"[1481  273    0   10  456 1219    1    1  168   70   24    0  493  112
    0   56]",[382  57   0   2 122 298   0   0  46  16   4   0 114  38   0  13]
vc3c,1291312215,[ 38  10   0  21  54   5  15   2 103],[10  2  0  3 16  1  2  2 26]
vc3c,702861175,[ 40   7   1  20  54   6  13   6 101],[ 9  3  0  9 10  1  3  0 27]
vc3c,173714041,[ 39   8   1  21  52   7  11   3 106],[10  1  1  8 11  1  2  3 25]
vc3c,1551589007,[ 41   6   1  18  56   6  12   5 103],[ 5  6  1  5 14  1  3  1 26]
wf24f,1614471612,"[1495  260    0    9  472 1200    1    4  183   60   19    0  480  128
    0   53]",[373  66   0   2 113 307   0   0  40  23   3   0 131  20   0  14]
wf24f,2006175329,"[1514  242    0    8  463 1205    1    8  181   76    5    0  469  119
    0   73]",[367  67   0   7 131 288   0   1  46  19   1   0 112  32   0  21]
vc3c,1586326972,[ 41   7   0  19  56   5  13   5 102],[ 9  2  1  5 15  0  4  2 24]
vc3c,226674600,[ 39   8   1  20  54   6  11   5 104],[10  2  0  7 13  0  5  2 23]
vc3c,1717248433,[ 40   7   1  18  56   6   9   5 106],[ 9  3  0  6 12  2  7  2 21]
vc3c,1040585337,[ 40   8   0  22  53   5  16   3 101],[ 9  2  1  6 11  3  2  0 28]
vc3c,2015820521,[ 41   7   0  22  51   7  12   3 105],[10  2  0  6 14  0  6  1 23]
wf24f,1216982159,"[1496  256    0   12  447 1226    2    2  164   71   27    0  462  123
    1   75]",[356  81   0   4 114 305   0   1  40  20   6   0 119  23   0  23]
wf24f,1916154678,"[1488  264    0   12  460 1214    1    2  177   73   12    0  467  130
    0   64]",[366  71   0   4 106 313   0   1  40  22   4   0 120  32   0  13]
wf24f,43597691,"[1516  238    0   10  461 1209    0    7  176   66   20    0  483  121
    0   57]",[391  48   0   2 131 286   2   1  47  14   5   0 124  25   0  16]
vc3c,63040297,[ 37  11   0  20  57   3   9   4 107],[ 7  5  0  5 15  0  1  1 28]
vc3c,399499449,[ 39   8   1  23  53   4  13   4 103],[ 9  2  1  7 12  1  2  1 27]
vc3c,1056830043,[ 39   8   1  19  56   5  12   6 102],[11  1  0  6 13  1  3  1 26]
vc3c,730575025,[ 39   8   1  18  55   7  11   5 104],[11  1  0  8 10  2  6  1 23]
wf24f,76675552,"[1502  247    0   15  473 1196    1    7  172   68   22    0  462  121
    0   78]",[375  65   0   1 130 289   1   0  42  23   1   0 122  28   0  15]
wf24f,2063848834,"[1486  265    0   13  463 1212    1    1  171   70   21    0  451  136
    0   74]",[368  69   0   4 107 312   0   1  40  21   5   0 122  27   0  16]
wf24f,105877503,"[1488  264    0   12  441 1231    3    2  168   70   24    0  463  124
    0   74]",[371  66   0   4 114 306   0   0  41  19   6   0 111  37   0  17]
wf24f,1885254942,"[1494  255    0   15  438 1233    2    4  173   71   18    0  462  123
    0   76]",[358  82   0   1 117 301   0   2  41  20   5   0 114  33   0  18]
vc3c,674751741,[ 35  13   0  13  65   2   8   3 109],[ 8  4  0  8 12  0  3  4 23]
vc3c,2111180817,[ 38  10   0  17  60   3   7   5 108],[ 8  4  0  6 14  0  2  0 28]
wf24f,1429796205,"[1500  254    0   10  447 1224    3    3  173   75   14    0  465  132
    0   64]",[367  73   0   1 116 303   0   1  47  14   5   0 117  32   0  16]
vc3c,1208057369,[ 40   7   1  20  54   6  13   4 103],[ 9  3  0  7 12  1  5  0 25]
vc3c,1372041979,[ 39   8   1  19  55   6  15   4 101],[10  2  0  6 12  2  1  2 27]
vc3c,838666224,[ 39   8   1  26  48   6  12   3 105],[10  2  0  5 13  2  6  1 23]
wf24f,831782023,"[1519  237    0    8  486 1188    1    2  176   69   17    0  488  119
    0   54]",[368  71   0   2 116 304   0   0  44  16   6   0 125  25   0  15]
wf24f,54454491,"[1490  262    0   12  464 1209    2    2  171   70   21    0  470  123
    0   68]",[361  77   0   3 102 317   0   1  39  23   4   0 115  31   0  19]
wf24f,1062239611,"[1502  253    0    9  469 1204    2    2  166   70   26    0  490  122
    0   49]",[374  67   0   0 105 315   0   0  47  14   5   0 116  32   0  17]
vc3c,368961245,[ 36  12   0  17  60   3   9   6 105],[11  1  0 10  9  1  0  0 30]
vc3c,1896513159,[ 39   8   1  24  51   5  13   5 102],[12  0  0  5 13  2  4  0 26]
vc3c,700577981,[ 40   7   1  19  56   5  13   6 101],[ 9  3  0  6 13  1  3  1 26]
vc3c,834749963,[40  7  1 21 53  6 17  4 99],[ 9  3  0  7 13  0  1  1 28]
vc3c,975070137,[ 39   8   1  22  54   4  14   4 102],[10  2  0  4 10  6  2  1 27]
wf24f,150112056,"[1492  258    0   14  467 1207    0    3  188   64   10    0  472  108
    0   81]",[367  71   0   3 103 313   1   3  44  20   2   0 112  37   0  16]
vc3c,267322110,[ 38   8   2  19  53   8  13   3 104],[10  2  0  6 12  2  1  3 26]
wf24f,1406300211,"[1493  258    0   13  452 1220    2    3  166   73   23    0  461  127
    0   73]",[375  63   0   3 117 299   1   3  45  16   5   0 112  34   0  19]
vc3c,1292477511,[ 35  13   0  15  62   3  11   4 105],[ 9  3  0  6 14  0  0  4 26]
wf24f,1538414818,"[1497  256    0   11  462 1208    3    4  169   77   16    0  474  124
    0   63]",[388  53   0   0 127 293   0   0  46  15   5   0 121  28   0  16]
vc3c,827166624,[ 37  11   0  15  64   1   7   3 110],[ 7  5  0  4 14  2  1  3 26]
wf24f,1191732320,"[1485  267    0   12  454 1219    1    3  180   73    9    0  470  126
    0   65]",[368  71   0   2  91 327   0   2  41  23   2   0 116  31   0  18]
vc3c,2006175329,[ 41   6   1  23  52   5  14   4 102],[ 9  2  1  8 11  1  2  1 27]
wf24f,468338682,"[1496  258    0   10  463 1204    5    5  172   71   19    0  485  119
    0   57]",[374  64   0   3 125 295   0   0  49  14   3   0 127  18   0  20]
vc3c,1614471612,[ 38   9   1  19  56   5  13   4 103],[ 9  3  0  6  8  6  4  1 25]
wf24f,1688120438,"[1504  247    0   13  465 1205    2    5  172   67   23    0  487  116
    0   58]",[374  65   0   2 129 290   0   1  40  22   4   0 125  27   0  13]
wf24f,835526394,"[1475  278    0   11  440 1231    1    5  179   73   10    0  444  134
    0   83]",[358  78   0   5 116 304   0   0  47  14   5   0 126  28   0  11]
wf24f,1837987233,"[1470  281    0   13  432 1241    3    1  160   76   26    0  440  138
    0   83]",[374  63   0   4 111 306   2   1  45  16   5   0 116  34   0  15]
vc3c,76675552,[ 36  12   0  17  61   2   7   4 109],[ 9  3  0  7 12  1  3  1 26]
vc3c,105877503,[ 39   9   0  16  63   1   8   3 109],[ 7  5  0  3 15  2  1  2 27]
vc3c,831782023,[41  6  1 23 52  5 16  5 99],[10  2  0  7 12  1  1  0 29]
vc3c,150112056,[ 39   8   1  17  57   6  11   5 104],[ 7  5  0  5 15  0  4  4 22]
wf24f,992352623,"[1494  258    0   12  467 1205    1    4  165   76   21    0  469  119
    0   73]",[372  65   0   4 119 300   1   0  48  16   2   0 116  32   0  17]
vc3c,1538414818,[ 40   7   1  24  51   5  16   4 100],[12  0  0  8 11  1  2  0 28]
wf24f,1531777415,"[1481  274    0    9  450 1221    3    3  163   70   29    0  482  122
    1   56]",[375  64   0   2 114 306   0   0  48  14   4   0 114  31   0  20]
wf24f,1320910298,"[1493  257    0   14  466 1207    2    2  174   75   13    0  472  116
    0   73]",[380  59   0   2 107 313   0   0  39  23   4   0 122  32   0  11]
wf24f,448781952,"[1480  266    0   18  444 1228    1    4  176   74   12    0  453  125
    0   83]",[363  78   0   0 112 306   0   2  48  16   2   0 110  38   0  17]
vc3c,835526394,[ 41   6   1  17  56   7  13   3 104],[ 9  3  0  9 10  1  3  4 23]
vc3c,992352623,[ 37  11   0  19  58   3   6   5 109],[ 7  5  0  6 14  0  2  0 28]
wf24f,641931343,"[1481  277    0    6  448 1225    2    2  168   78   16    0  473  123
    0   65]",[360  76   0   5 109 310   0   1  46  17   3   0 126  22   0  17]
wf24f,1772115024,"[1498  254    0   12  459 1213    2    3  167   77   18    0  451  127
    0   83]",[366  70   0   5 111 309   0   0  47  11   8   0 128  24   0  13]
vc3c,448781952,[ 40   7   1  21  51   8  12   6 102],[11  1  0  8 12  0  4  0 26]
wf24f,293835627,"[1498  256    0   10  449 1224    1    3  179   66   17    0  488  119
    0   54]",[377  62   0   2 127 292   0   1  43  21   2   0 116  34   0  15]
wf4f,495778187,"[1418  343    0    3    1 1662   14    0  171   25   66    0  598   38
    0   25]",[357  79   0   5   0 416   4   0  39   9  18   0 152   8   0   5]
wf24f,714771773,"[1481  270    0   13  456 1216    2    3  169   68   25    0  466  123
    0   72]",[378  60   0   3 118 302   0   0  47  15   4   0 109  36   0  20]
wf24f,377822342,"[1503  251    0   10  459 1208    2    8  167   75   20    0  477  121
    0   63]",[374  62   0   5 123 297   0   0  46  15   5   0 107  39   0  19]
wf24f,722158869,"[1491  263    0   10  462 1210    2    3  167   76   19    0  483  124
    0   54]",[375  64   0   2 125 295   0   0  44  19   3   0 131  19   0  15]
wf4f,1250963153,"[1410  346    0    8    1 1661   15    0  163   28   71    0  611   37
    0   13]",[374  67   0   0   0 417   3   0  47   6  13   0 154   6   0   5]
wf24f,1530937790,"[1491  261    0   12  440 1231    2    4  170   69   23    0  460  116
    0   85]",[372  63   0   6 117 302   0   1  44  20   2   0 120  35   0  10]
wf24f,823797517,"[1492  265    0    7  449 1224    2    2  169   71   22    0  477  117
    0   67]",[365  71   0   5 102 317   0   1  48  18   0   0 127  24   0  14]
wf4f,844867540,"[1422  334    0    8    3 1663   11    0  168   30   64    0  599   46
    0   16]",[356  85   0   0   0 413   7   0  42   4  20   0 150  10   0   5]
wf24f,2026330702,"[1493  257    0   14  465 1208    2    2  174   73   15    0  461  124
    0   76]",[375  63   0   3 106 312   2   0  43  16   7   0 118  31   0  16]
wf24f,1090505867,"[1467  285    0   12  438 1234    3    2  173   74   15    0  453  131
    0   77]",[367  70   0   4 105 314   0   1  52  12   2   0 106  41   0  18]
wf4f,292988335,"[1425  333    0    6    1 1663   13    0  170   24   68    0  604   36
    0   21]",[353  86   0   2   1 414   5   0  40  10  16   0 145  11   0   9]
wf24f,133006160,"[1482  269    0   13  455 1217    1    4  177   75   10    0  453  125
    0   83]",[368  68   0   5 112 307   0   1  47  17   2   0 116  32   0  17]
wf24f,1947729121,"[1509  243    0   12  486 1185    1    5  171   65   26    0  451  126
    0   84]",[371  65   0   5 127 291   2   0  45  15   6   0 118  26   0  21]
wf4f,1980932681,"[1422  337    0    5    2 1660   15    0  163   24   75    0  597   39
    0   25]",[355  83   0   3   1 416   3   0  46  11   9   0 152   8   0   5]
wf24f,1374845114,"[1497  256    0   11  457 1217    1    2  176   75   11    0  473  123
    0   65]",[370  68   0   3 122 295   1   2  45  19   2   0 118  31   0  16]
wf24f,567860406,"[1513  242    0    9  460 1213    1    3  174   69   19    0  496  114
    0   51]",[390  49   0   2 130 289   1   0  39  25   2   0 132  26   0   7]
wf4f,829986915,"[1422  335    0    7    2 1660   15    0  162   30   70    0  604   41
    0   16]",[349  91   0   1   0 417   3   0  49   3  14   0 147  14   0   4]
wf24f,1291312215,"[1499  252    0   13  452 1222    2    1  172   69   21    0  465  130
    0   66]",[369  69   0   3 112 308   0   0  42  19   5   0 107  35   0  23]
wf24f,536714102,"[1504  246    0   14  443 1223    2    9  175   73   14    0  463  119
    0   79]",[370  68   0   3 113 304   0   3  42  16   8   0 123  24   0  18]
wf4f,254628334,"[1421  335    0    8    2 1661   14    0  164   24   74    0  604   39
    0   18]",[356  85   0   0   0 416   4   0  46  10  10   0 153   9   0   3]
wf24f,1000819612,"[1471  281    0   12  453 1220    2    2  175   68   19    0  455  127
    0   79]",[362  74   0   5 104 315   1   0  44  18   4   0 112  34   0  19]
wf24f,164662770,"[1505  249    0   10  462 1211    1    3  175   79    8    0  472  116
    0   73]",[369  65   0   7 127 292   0   1  44  17   5   0 110  35   0  20]
wf24f,2007166991,"[1488  265    0   11  451 1223    3    0  168   71   23    0  470  124
    0   67]",[376  62   0   3 115 303   0   2  39  21   6   0 104  37   0  24]wf4f,879897629,"[1423  336    0    5    1 1659   17    0  169   26   67    0  605   38
    0   18]",[350  88   0   3   0 419   1   0  42   7  17   0 153   6   0   6]
wf24f,1551589007,"[1499  256    0    9  477 1194    3    3  170   65   27    0  475  122
    0   64]",[373  61   0   7 121 299   0   0  38  23   5   0 118  24   0  23]
wf4f,614349878,"[1398  361    0    5    1 1662   14    0  165   30   67    0  606   35
    0   20]",[361  77   0   3   0 416   4   0  46   3  17   0 151   8   0   6]
wf4f,390873262,"[1410  347    0    7    1 1659   17    0  170   27   65    0  613   30
    0   18]",[352  88   0   1   0 419   1   0  41   6  19   0 146  13   0   6]
wf24f,2070448984,"[1487  265    0   12  457 1216    1    3  181   68   13    0  472  126
    0   63]",[360  80   0   1 103 316   1   0  41  24   1   0 120  34   0  11]
wf24f,913970101,"[1496  257    0   11  475 1194    2    6  166   70   26    0  466  116
    0   79]",[382  54   0   5 110 308   0   2  40  21   5   0 129  21   0  15]
wf24f,172788376,"[1521  231    0   12  456 1212    1    8  162   75   25    0  479  114
    0   68]",[372  67   0   2 130 288   2   0  45  19   2   0 118  30   0  17]
wf24f,844867540,"[1495  259    0   10  458 1214    2    3  174   70   18    0  479  126
    0   56]",[373  68   0   0 120 300   0   0  41  21   4   0 114  28   0  23]
wf24f,1448292546,"[1486  271    0    7  438 1233    2    4  181   72    9    0  466  131
    0   64]",[361  76   0   4 108 312   0   0  46  17   3   0 118  28   0  19]
wf24f,1717248433,"[1491  258    0   15  444 1228    2    3  185   66   11    0  461  125
    0   75]",[371  68   0   2 138 279   1   2  48  17   1   0 110  35   0  20]
wf4f,1687681813,"[1415  344    0    5    3 1660   14    0  166   27   69    0  600   37
    0   24]",[361  77   0   3   0 416   4   0  43   8  15   0 150   9   0   6]
wf4f,1565921456,"[1418  340    0    6    1 1660   16    0  169   28   65    0  605   33
    0   23]",[360  79   0   2   0 418   2   0  42   5  19   0 153  10   0   2]
wf24f,173714041,"[1488  267    0    9  448 1225    2    2  165   71   26    0  495  117
    0   49]",[379  62   0   0 125 295   0   0  44  19   3   0 122  32   0  11]
wf4f,43597691,"[1420  337    0    7    1 1663   13    0  167   27   68    0  611   37
    0   13]",[369  71   0   1   0 415   5   0  45   5  16   0 150   6   0   9]

wf24f,1980932681,"[1495  255    0   14  465 1208    1    3  178   70   14    0  472  122
    0   67]",[386  53   0   2 128 290   1   1  49  12   5   0 114  29   0  22]
wf24f,63040297,"[1475  275    0   14  447 1226    1    3  181   71   10    0  472  126
    0   63]",[374  66   0   1 117 301   0   2  49  14   3   0 119  28   0  18]

wf24f,318237287,"[1492  260    0   12  474 1198    2    3  169   76   17    0  484  108
    0   69]",[393  46   0   2 137 282   0   1  49  15   2   0 113  37   0  15]
wf24f,226674600,"[1501  255    0    8  455 1212    2    8  174   79    9    0  492  122
    0   47]",[364  75   0   2 121 298   0   1  48  15   3   0 129  21   0  15]
wf4f,2063848834,"[1423  337    0    4    1 1663   13    0  171   23   68    0  586   50
    0   25]",[342  95   0   4   0 415   5   0  38  12  16   0 148  12   0   5]
wf4f,1429796205,"[1436  321    0    7    2 1661   14    0  162   32   68    0  604   40
    0   17]",[343  97   0   1   1 415   4   0  48   2  16   0 147  14   0   4]
wf24f,730575025,"[1498  251    0   15  454 1216    2    5  172   72   18    0  456  126
    0   79]",[386  54   0   1 134 284   1   1  41  23   2   0 116  34   0  15]
wf24f,1675535513,"[1502  250    0   12  465 1208    2    2  170   65   27    0  455  122
    0   84]",[377  60   0   4 112 307   0   1  43  17   6   0 121  30   0  14]
wf24f,254628334,"[1508  242    0   14  466 1208    1    2  173   64   25    0  469  121
    0   71]",[367  73   0   1 117 302   1   0  43  16   7   0 125  29   0  11]
wf24f,702861175,"[1499  251    0   14  458 1215    1    3  168   76   18    0  470  124
    0   67]",[366  72   0   3 135 283   1   1  46  13   7   0 117  30   0  18]
wf4f,54454491,"[1426  333    0    5    2 1663   12    0  166   27   69    0  583   51
    0   27]",[347  91   0   3   1 413   6   0  40   9  17   0 152  11   0   2]
wf4f,1406300211,"[1428  329    0    7    0 1661   16    0  166   29   67    0  605   38
    0   18]",[345  95   0   1   1 417   2   0  43   6  17   0 152  11   0   2]
wf24f,2015820521,"[1475  281    0    8  435 1237    1    4  183   73    6    0  446  129
    0   86]",[371  62   0   8 100 320   0   0  42  20   4   0 112  37   0  16]
wf24f,1574939224,"[1493  259    0   12  457 1215    2    3  166   79   17    0  456  129
    0   76]",[366  71   0   4 121 297   1   1  48  12   6   0 117  33   0  15]
wf24f,375682159,"[1501  257    0    6  447 1227    1    2  159   72   31    0  483  125
    0   53]",[366  74   0   1 100 319   1   0  42  20   4   0 121  34   0  10]
wf24f,1208057369,"[1497  259    0    8  460 1211    1    5  165   69   28    0  464  124
    0   73]",[377  56   0   8 123 293   2   2  47  16   3   0 108  33   0  24]
wf4f,468338682,"[1431  325    0    8    3 1658   16    0  167   27   68    0  607   39
    0   15]",[366  75   0   0   1 417   2   0  42   8  16   0 156   3   0   6]
wf24f,390873262,"[1500  252    0   12  482 1191    0    4  167   73   22    0  475  125
    0   61]",[369  70   0   2 118 300   1   1  41  21   4   0 118  30   0  17]
wf4f,1837987233,"[1419  339    0    6    1 1660   16    0  169   27   66    0  604   33
    0   24]",[352  87   0   2   0 418   2   0  42   6  18   0 146  13   0   6]
wf4f,1320910298,"[1413  344    0    7    0 1663   14    0  173   31   58    0  608   37
    0   16]",[363  77   0   1   1 415   4   0  36   4  26   0 154   7   0   4]
wf24f,1586326972,"[1495  260    0    9  487 1183    2    5  177   72   13    0  475  120
    0   66]",[383  53   0   5 107 313   0   0  52  11   3   0 123  28   0  14]
wf4f,915280321,"[1412  345    0    7    3 1662   12    0  177   19   66    0  604   38
    0   19]",[365  75   0   1   0 414   6   0  34  14  18   0 145   9   0  11]
wf24f,1056830043,"[1471  279    0   14  426 1246    2    3  165   74   23    0  462  125
    0   74]",[359  80   0   2 119 301   0   0  43  19   4   0 109  35   0  21]
wf24f,223177552,"[1482  271    0   11  457 1217    1    2  160   76   26    0  468  127
    0   66]",[370  68   0   3 106 314   0   0  50  11   5   0 112  33   0  20]
wf24f,139017236,"[1487  263    0   14  447 1227    0    3  176   66   20    0  451  126
    0   84]",[366  73   0   2 120 299   1   0  43  19   4   0 125  26   0  14]
wf24f,368961245,"[1496  256    0   12  451 1221    2    3  183   63   16    0  471  114
    0   76]",[377  59   0   5 123 295   0   2  43  21   2   0 109  34   0  22]
wf4f,641931343,"[1424  334    0    6    1 1659   17    0  165   30   67    0  609   35
    0   17]",[353  86   0   2   0 419   1   0  44   5  17   0 151   8   0   6]
wf4f,377822342,"[1434  323    0    7    4 1658   15    0  167   28   67    0  615   31
    0   15]",[347  93   0   1   0 417   3   0  41   8  17   0 147  12   0   6]
wf4f,919435187,"[1412  347    0    5    0 1660   17    0  167   29   66    0  599   40
    0   22]",[365  73   0   3   1 418   1   0  44   4  18   0 157   6   0   2]
wf24f,1040585337,"[1492  261    0   11  456 1217    1    3  177   75   10    0  483  118
    0   60]",[377  63   0   1 114 305   1   0  47  17   2   0 118  29   0  18]
wf24f,2111180817,"[1484  268    0   12  458 1214    2    3  170   69   23    0  473  115
    0   73]",[380  59   0   2 116 304   0   0  40  20   6   0 122  29   0  14]
wf24f,380269677,"[1492  260    0   12  443 1230    2    2  162   73   27    0  470  127
    0   64]",[378  61   0   2 125 293   1   1  45  14   7   0 118  28   0  19]
wf4f,1530937790,"[1422  336    0    6    0 1662   15    0  169   29   64    0  606   37
    0   18]",[350  89   0   2   1 416   3   0  40   6  20   0 152  10   0   3]
wf24f,915280321,"[1501  248    0   15  439 1233    1    4  175   60   27    0  448  124
    0   89]",[373  66   0   2 133 285   0   2  40  22   4   0 112  37   0  16]
wf24f,834749963,"[1484  268    0   12  453 1220    2    2  174   74   14    0  475  117
    0   69]",[374  65   0   2 125 292   0   3  50  16   0   0 112  35   0  18]
wf4f,133006160,"[1426  331    0    7    3 1658   16    0  170   31   61    0  616   30
    0   15]",[345  95   0   1   0 418   2   0  38   5  23   0 142  17   0   6]
wf4f,1374845114,"[1431  326    0    7    1 1660   16    0  162   31   69    0  612   35
    0   14]",[345  95   0   1   0 418   2   0  47   4  15   0 152   9   0   4]
wf4f,1278535671,"[1424  335    0    5    2 1658   17    0  164   28   70    0  600   38
    0   23]",[355  83   0   3   0 419   1   0  45   7  14   0 154   6   0   5]
wf4f,1688120438,"[1408  350    0    6    1 1664   12    0  170   25   67    0  600   38
    0   23]",[366  73   0   2   0 414   6   0  42   7  17   0 151   9   0   5]
wf24f,838666224,"[1498  256    0   10  470 1204    1    2  175   75   12    0  476  124
    0   61]",[379  62   0   0 119 301   0   0  47  17   2   0 129  27   0   9]
wf24f,399499449,"[1495  263    0    6  455 1219    1    2  173   60   29    0  485  120
    1   55]",[384  56   0   1 120 297   1   2  39  23   4   0 115  32   0  18]
wf24f,919435187,"[1496  256    0   12  461 1213    2    1  179   77    6    0  463  128
    0   70]",[366  71   0   4 116 303   0   1  44  17   5   0 124  27   0  14]
wf24f,1250963153,"[1493  259    0   12  456 1216    2    3  184   65   13    0  457  122
    0   82]",[384  53   0   4 130 290   0   0  46  19   1   0 117  30   0  18]
wf4f,1000819612,"[1408  348    0    8    1 1662   14    0  165   27   70    0  591   46
    0   24]",[366  75   0   0   0 416   4   0  47   5  14   0 153  11   0   1]
wf4f,2007166991,"[1414  345    0    5    1 1659   17    0  169   29   64    0  604   38
    0   19]",[360  78   0   3   0 419   1   0  39   7  20   0 153   6   0   6]
wf4f,851227813,"[1430  326    0    8    3 1657   17    0  169   24   69    0  605   37
    0   19]",[351  90   0   0   0 419   1   0  42   9  15   0 157   7   0   1]
wf4f,1772115024,"[1418  339    0    7    2 1660   15    0  167   25   70    0  606   35
    0   20]",[370  70   0   1   1 416   3   0  43   9  14   0 153   9   0   3]
wf4f,913970101,"[1426  331    0    7    1 1660   16    0  163   31   68    0  609   35
    0   17]",[355  85   0   1   1 417   2   0  45   5  16   0 153   8   0   4]
wf4f,1448292546,"[1426  331    0    7    2 1660   15    0  165   29   68    0  598   39
    0   24]",[359  81   0   1   2 415   3   0  44   6  16   0 154   7   0   4]
wf24f,700577981,"[1493  261    0   10  445 1229    0    3  178   72   12    0  475  121
    0   65]",[371  69   0   1 120 296   2   2  43  18   5   0 115  32   0  18]
wf4f,345568667,"[1420  337    0    7    0 1662   15    0  174   21   67    0  602   41
    0   18]",[350  90   0   1   1 416   3   0  35  14  17   0 155   8   0   2]
wf24f,674751741,"[1498  255    0   11  453 1218    2    4  177   76    9    0  460  122
    0   79]",[370  68   0   3 110 309   0   1  47  16   3   0 120  29   0  16]
wf24f,1278535671,"[1493  260    0   11  475 1198    1    3  182   70   10    0  480  115
    0   66]",[389  49   0   3 129 291   0   0  47  16   3   0 124  21   0  20]
wf24f,292988335,"[1497  254    0   13  453 1220    1    3  180   70   12    0  448  124
    0   89]",[366  71   0   4 126 293   1   0  47  16   3   0 110  40   0  15]
wf4f,823797517,"[1430  327    0    7    1 1663   13    0  165   28   69    0  606   35
    0   20]",[346  94   0   1   0 415   5   0  46   5  15   0 148  11   0   6]
wf4f,571639701,"[1428  331    0    5    1 1661   15    0  165   30   67    0  601   36
    0   24]",[355  83   0   3   0 417   3   0  45   4  17   0 152   7   0   6]
wf4f,349113877,"[1423  333    0    8    1 1663   13    0  164   27   71    0  603   40
    0   18]",[360  81   0   0   2 413   5   0  47   6  13   0 155   7   0   3]
wf4f,835275023,"[1423  337    0    4    1 1663   13    0  165   29   68    0  598   35
    0   28]",[352  84   0   5   0 415   5   0  47   3  16   0 151  12   0   2]
wf4f,567860406,"[1423  335    0    6    4 1657   16    0  170   26   66    0  606   36
    0   19]",[357  82   0   2   0 418   2   0  37  11  18   0 155   8   0   2]
wf4f,1574939224,"[1416  341    0    7    0 1660   17    0  163   27   72    0  609   33
    0   19]",[363  77   0   1   1 418   1   0  48   6  12   0 150  10   0   5]
wf24f,267322110,"[1487  264    0   13  463 1209    3    2  173   65   24    0  469  116
    0   76]",[388  50   0   3 115 303   0   2  35  25   6   0 114  33   0  18]
wf24f,851227813,"[1493  263    0    8  444 1227    2    4  174   69   19    0  481  119
    0   61]",[372  64   0   5 125 292   1   2  42  18   6   0 121  24   0  20]
wf24f,1372041979,"[1496  259    0    9  448 1223    3    3  173   73   16    0  466  131
    0   64]",[377  60   0   4 114 304   0   2  45  15   6   0 121  28   0  16]
wf4f,1675535513,"[1415  341    0    8    2 1664   11    0  168   23   71    0  591   47
    0   23]",[361  80   0   0   1 412   7   0  43  10  13   0 145  15   0   5]
wf24f,829986915,"[1480  269    0   15  453 1220    3    1  169   76   17    0  460  123
    0   78]",[381  58   0   2 112 307   0   1  46  16   4   0 121  29   0  15]
wf4f,1916154678,"[1416  341    0    7    2 1661   14    0  167   29   66    0  600   36
    0   25]",[363  77   0   1   0 416   4   0  43   5  18   0 149  11   0   5]
wf4f,2111180817,"[1425  332    0    7    1 1661   15    0  169   25   68    0  609   40
    0   12]",[346  94   0   1   0 417   3   0  42   8  16   0 151   6   0   8]
wf4f,223177552,"[1423  336    0    5    2 1661   14    0  161   28   73    0  585   49
    0   27]",[347  91   0   3   1 415   4   0  48   7  11   0 147  15   0   3]
wf4f,375682159,"[1423  336    0    5    2 1662   13    0  161   29   72    0  596   48
    0   17]",[341  97   0   3   0 415   5   0  47   7  12   0 147  13   0   5]
wf4f,1885254942,"[1418  338    0    8    1 1660   16    0  176   24   62    0  615   30
    0   16]",[356  85   0   0   0 418   2   0  34  10  22   0 148  13   0   4]
wf24f,827166624,"[1496  257    0   11  478 1191    2    6  171   73   18    0  468  118
    0   75]",[380  54   0   7 117 300   0   3  40  21   5   0 116  29   0  20]
wf24f,345568667,"[1481  271    0   12  467 1205    1    4  184   62   16    0  468  112
    0   81]",[380  57   0   4 123 296   0   1  40  21   5   0 113  37   0  15]
wf4f,838666224,"[1415  343    0    6    0 1661   16    0  164   30   68    0  603   37
    0   21]",[348  91   0   2   1 417   2   0  46   4  16   0 154   7   0   4]
wf24f,1896513159,"[1468  283    0   13  473 1199    1    4  163   70   29    0  450  124
    0   87]",[392  44   0   5 103 314   2   1  50  13   3   0 113  34   0  18]
wf4f,380269677,"[1421  335    0    8    3 1660   14    0  167   26   69    0  601   38
    0   22]",[371  70   0   0   0 416   4   0  43   8  15   0 155   6   0   4]
wf24f,879897629,"[1483  269    0   12  447 1228    0    2  163   76   23    0  470  123
    0   68]",[368  68   0   5 128 290   2   0  45  14   7   0 116  27   0  22]
wf4f,139017236,"[1420  336    0    8    1 1661   15    0  165   27   70    0  607   37
    0   17]",[360  81   0   0   0 417   3   0  46   6  14   0 154   7   0   4]
wf4f,834749963,"[1433  324    0    7    1 1663   13    0  161   29   72    0  597   38
    0   26]",[348  92   0   1   1 414   5   0  49   5  12   0 152   9   0   4]
wf4f,1062239611,"[1425  333    0    6    3 1660   14    0  167   24   71    0  605   43
    0   13]",[355  84   0   2   0 416   4   0  43  10  13   0 154   4   0   7]
wf4f,674751741,"[1407  350    0    7    2 1659   16    0  170   26   66    0  608   38
    0   15]",[366  74   0   1   0 418   2   0  41   7  18   0 146  13   0   6]
wf2f,913970101,"[1396  361    0    7    0 1661   16    0  173   21   68    0  603   36
    0   22]",[350  90   0   1   0 418   2   0  47   3  16   0 151   8   0   6]
wf2f,1448292546,"[1400  357    0    7    0 1662   15    0  174   20   68    0  598   37
    0   26]",[353  87   0   1   0 417   3   0  47   3  16   0 154   7   0   4]
wf2f,1688120438,"[1388  370    0    6    0 1665   12    0  174   21   67    0  601   35
    0   25]",[359  80   0   2   0 414   6   0  47   2  17   0 150  10   0   5]
wf4f,700577981,"[1434  324    0    6    1 1661   15    0  165   26   71    0  606   39
    0   16]",[338 101   0   2   0 417   3   0  44   9  13   0 152   8   0   5]
wf4f,1372041979,"[1417  342    0    5    2 1662   13    0  169   28   65    0  597   39
    0   25]",[362  76   0   3   2 413   5   0  40   7  19   0 149  12   0   4]
wf4f,1191732320,"[1404  354    0    6    0 1660   17    0  167   26   69    0  615   32
    0   14]",[354  85   0   2   0 419   1   0  45   6  15   0 147  12   0   6]
wf2f,349113877,"[1399  357    0    8    0 1664   13    0  172   19   71    0  601   38
    0   22]",[355  86   0   0   0 415   5   0  49   4  13   0 154   6   0   5]
wf24f,975070137,"[1495  255    0   14  467 1206    2    2  172   66   24    0  453  129
    0   79]",[376  63   0   2 123 297   0   0  41  19   6   0 124  26   0  15]
wf2f,1772115024,"[1390  367    0    7    0 1662   15    0  176   16   70    0  600   34
    0   27]",[372  68   0   1   0 417   3   0  47   5  14   0 152  10   0   3]
wf2f,571639701,"[1396  363    0    5    0 1662   15    0  175   20   67    0  600   37
    0   24]",[353  85   0   3   0 417   3   0  45   4  17   0 152   7   0   6]
wf4f,267322110,"[1421  336    0    7    2 1662   13    0  174   24   64    0  603   42
    0   16]",[355  85   0   1   1 414   5   0  35  11  20   0 155   5   0   5]
wf2f,1675535513,"[1381  375    0    8    0 1666   11    0  178   13   71    0  603   34
    0   24]",[366  75   0   0   0 413   7   0  46   7  13   0 148  11   0   6]
wf24f,614349878,"[1507  243    0   14  469 1203    2    3  168   75   19    0  465  116
    0   80]",[379  60   0   2 130 288   0   2  46  14   6   0 117  31   0  17]
wf4f,1896513159,"[1403  355    0    6    0 1662   15    0  168   26   68    0  604   36
    0   21]",[367  72   0   2   1 416   3   0  45   5  16   0 146  10   0   9]
wf4f,1531777415,"[1428  330    0    6    2 1662   13    0  167   24   71    0  598   38
    0   25]",[356  83   0   2   0 415   5   0  41  10  15   0 151   9   0   5]
wf2f,1574939224,"[1397  360    0    7    0 1660   17    0  169   21   72    0  605   35
    0   21]",[352  88   0   1   0 419   1   0  51   3  12   0 147   9   0   9]
wf2f,823797517,"[1401  356    0    7    0 1664   13    0  172   21   69    0  604   33
    0   24]",[338 102   0   1   0 415   5   0  48   3  15   0 148  11   0   6]
wf2f,2070448984,"[1386  372    0    6    0 1662   15    0  180   16   66    0  604   35
    0   22]",[341  98   0   2   0 417   3   0  40   8  18   0 151  10   0   4]
wf2f,375682159,"[1396  363    0    5    0 1664   13    0  170   20   72    0  604   34
    0   23]",[327 111   0   3   0 415   5   0  50   4  12   0 148  12   0   5]
wf4f,827166624,"[1415  342    0    7    1 1661   15    0  172   26   64    0  612   36
    0   13]",[364  76   0   1   0 417   3   0  40   6  20   0 150   8   0   7]
wf24f,1292477511,"[1475  276    0   13  448 1224    1    4  166   70   26    0  456  119
    0   86]",[381  56   0   4 113 305   1   1  42  18   6   0 116  35   0  14]
wf4f,975070137,"[1420  337    0    7    2 1664   11    0  168   24   70    0  604   38
    0   19]",[364  76   0   1   0 413   7   0  40  10  16   0 148   9   0   8]
wf2f,223177552,"[1388  371    0    5    0 1663   14    0  172   17   73    0  599   35
    0   27]",[337 101   0   3   0 416   4   0  48   7  11   0 151  11   0   3]
wf4f,714771773,"[1419  339    0    6    0 1662   15    0  170   24   68    0  603   33
    0   25]",[347  92   0   2   0 417   3   0  43   7  16   0 150  10   0   5]
wf2f,567860406,"[1385  373    0    6    0 1661   16    0  178   18   66    0  604   35
    0   22]",[351  88   0   2   0 418   2   0  41   7  18   0 154   9   0   2]
wf2f,173714041,"[1390  369    0    5    0 1662   15    0  178   19   65    0  596   40
    0   25]",[345  93   0   3   0 417   3   0  42   5  19   0 158   4   0   3]
wf2f,139017236,"[1394  362    0    8    0 1662   15    0  173   19   70    0  604   37
    0   20]",[356  85   0   0   0 417   3   0  47   5  14   0 154   7   0   4]
wf2f,318237287,"[1387  370    0    7    0 1664   13    0  181   19   62    0  602   32
    0   27]",[363  76   0   2   0 415   5   0  40   4  22   0 150  12   0   3]
wf2f,380269677,"[1399  357    0    8    0 1663   14    0  177   16   69    0  598   38
    0   25]",[363  78   0   0   0 416   4   0  45   6  15   0 154   6   0   5]
wf4f,1614471612,"[1431  327    0    6    1 1664   12    0  165   25   72    0  607   35
    0   19]",[348  91   0   2   0 414   6   0  46   8  12   0 150   9   0   6]
wf4f,1292477511,"[1422  336    0    6    1 1663   13    0  166   28   68    0  604   34
    0   23]",[359  79   0   3   0 415   5   0  47   3  16   0 148  10   0   7]
wf2f,495778187,"[1394  366    0    4    0 1663   14    0  176   20   66    0  600   36
    0   25]",[349  87   0   5   0 416   4   0  44   4  18   0 152   8   0   5]
wf2f,226674600,"[1399  358    0    7    0 1661   16    0  175   22   65    0  613   37
    0   11]",[346  94   0   1   0 418   2   0  44   3  19   0 155   7   0   3]
wf2f,915280321,"[1395  362    0    7    0 1665   12    0  181   15   66    0  607   35
    0   19]",[356  84   0   1   0 414   6   0  40   8  18   0 145   9   0  11]
wf4f,1090505867,"[1431  326    0    7    2 1663   12    0  169   26   67    0  594   47
    0   20]",[345  95   0   1   1 413   6   0  42   7  17   0 146  15   0   4]
wf2f,702861175,"[1403  353    0    8    0 1665   12    0  168   20   74    0  608   34
    0   19]",[341 100   0   0   0 414   6   0  53   3  10   0 150  11   0   4]
wf2f,1250963153,"[1382  374    0    8    0 1662   15    0  171   20   71    0  609   37
    0   15]",[370  71   0   0   0 417   3   0  50   3  13   0 152   7   0   6]
wf2f,844867540,"[1401  355    0    8    0 1666   11    0  180   18   64    0  601   39
    0   21]",[348  93   0   0   0 413   7   0  42   4  20   0 153   6   0   6]
wf2f,2015820521,"[1390  368    0    6    0 1663   14    0  175   19   68    0  600   36
    0   25]",[327 112   0   2   0 416   4   0  43   7  16   0 151   9   0   5]
wf4f,105877503,"[1430  326    0    8    2 1663   12    0  168   29   65    0  597   45
    0   19]",[343  98   0   0   1 413   6   0  42   5  19   0 149  14   0   2]
wf4f,2006175329,"[1417  339    0    8    1 1661   15    0  172   31   59    0  611   35
    0   15]",[372  69   0   0   0 417   3   0  38   3  25   0 153   7   0   5]
wf2f,919435187,"[1382  377    0    5    0 1660   17    0  176   20   66    0  595   38
    0   28]",[364  74   0   3   0 419   1   0  44   4  18   0 157   6   0   2]
wf2f,1586326972,"[1410  347    0    7    0 1661   16    0  178   19   65    0  604   36
    0   21]",[352  88   0   1   0 418   2   0  43   4  19   0 151   8   0   6]
wf2f,292988335,"[1397  361    0    6    0 1664   13    0  178   16   68    0  606   34
    0   21]",[349  90   0   2   0 415   5   0  43   7  16   0 145  11   0   9]
wf4f,536714102,"[1423  336    0    5    1 1661   15    0  175   29   58    0  609   37
    0   15]",[348  90   0   3   0 417   3   0  36   4  26   0 147  12   0   6]
wf2f,1980932681,"[1391  368    0    5    0 1662   15    0  169   18   75    0  599   37
    0   25]",[355  83   0   3   0 417   3   0  52   5   9   0 152   8   0   5]
wf2f,1056830043,"[1393  365    0    6    0 1663   14    0  174   16   72    0  596   41
    0   24]",[359  80   0   2   0 416   4   0  47   7  12   0 156   3   0   6]
wf2f,1278535671,"[1400  359    0    5    0 1660   17    0  173   19   70    0  597   39
    0   25]",[347  91   0   3   0 419   1   0  47   5  14   0 155   5   0   5]
wf4f,150112056,"[1413  345    0    6    1 1663   13    0  168   26   68    0  602   37
    0   22]",[355  84   0   2   0 415   5   0  44   6  16   0 149  10   0   6]
wf2f,1040585337,"[1392  368    0    4    0 1663   14    0  179   19   64    0  599   38
    0   24]",[340  97   0   4   0 416   4   0  41   5  20   0 152   7   0   6]
wf4f,76675552,"[1419  339    0    6    1 1661   15    0  168   29   65    0  606   35
    0   20]",[362  77   0   2   0 417   3   0  42   5  19   0 149   8   0   8]
wf2f,829986915,"[1395  362    0    7    0 1662   15    0  171   21   70    0  609   34
    0   18]",[336 104   0   1   0 417   3   0  49   3  14   0 150  11   0   4]
wf2f,254628334,"[1395  361    0    8    0 1663   14    0  169   19   74    0  602   37
    0   22]",[349  92   0   0   0 416   4   0  52   4  10   0 152   8   0   5]
wf2f,851227813,"[1407  349    0    8    0 1660   17    0  174   19   69    0  604   37
    0   20]",[343  98   0   0   0 419   1   0  46   5  15   0 157   7   0   1]
wf2f,2111180817,"[1397  360    0    7    0 1662   15    0  177   17   68    0  605   40
    0   16]",[335 105   0   1   0 417   3   0  43   7  16   0 152   5   0   8]
wf4f,2070448984,"[1421  337    0    6    1 1661   15    0  169   27   66    0  600   42
    0   19]",[349  90   0   2   0 417   3   0  40   8  18   0 150  13   0   2]
wf2f,399499449,"[1399  359    0    6    0 1665   12    0  170   17   75    0  601   39
    0   21]",[355  84   0   2   0 414   6   0  52   5   9   0 150   6   0   9]
wf4f,835526394,"[1414  344    0    6    1 1661   15    0  168   26   68    0  607   37
    0   17]",[362  77   0   2   0 417   3   0  44   6  16   0 152   9   0   4]
wf2f,879897629,"[1392  367    0    5    0 1660   17    0  175   20   67    0  600   38
    0   23]",[346  92   0   3   0 419   1   0  44   5  17   0 152   6   0   7]
wf2f,390873262,"[1391  366    0    7    0 1660   17    0  178   19   65    0  607   31
    0   23]",[344  96   0   1   0 419   1   0  41   6  19   0 145  13   0   7]
wf2f,838666224,"[1394  364    0    6    0 1661   16    0  173   21   68    0  600   36
    0   25]",[341  98   0   2   0 418   2   0  47   3  16   0 152   8   0   5]
wf4f,831782023,"[1417  341    0    6    2 1661   14    0  166   24   72    0  606   40
    0   15]",[368  71   0   2   1 415   4   0  42  12  12   0 155   4   0   6]
wf2f,345568667,"[1384  373    0    7    0 1662   15    0  181   14   67    0  602   38
    0   21]",[344  96   0   1   0 417   3   0  39  10  17   0 156   7   0   2]
wf2f,674751741,"[1376  381    0    7    0 1661   16    0  178   18   66    0  608   32
    0   21]",[357  83   0   1   0 418   2   0  42   6  18   0 147  12   0   6]
wf4f,173714041,"[1431  328    0    5    2 1660   15    0  169   28   65    0  600   42
    0   19]",[345  93   0   3   1 416   3   0  39   8  19   0 158   4   0   3]
wf2f,614349878,"[1384  375    0    5    0 1663   14    0  172   23   67    0  602   35
    0   24]",[350  88   0   3   0 416   4   0  47   2  17   0 150   9   0   6]
wf2f,1565921456,"[1395  363    0    6    0 1661   16    0  176   21   65    0  600   34
    0   27]",[350  89   0   2   0 418   2   0  43   4  19   0 152  10   0   3]
wf4f,448781952,"[1419  338    0    7    2 1662   13    0  166   26   70    0  597   47
    0   17]",[353  87   0   1   1 414   5   0  44   8  14   0 146  15   0   4]
wf2f,700577981,"[1401  357    0    6    0 1662   15    0  173   18   71    0  606   36
    0   19]",[332 107   0   2   0 417   3   0  46   7  13   0 152   8   0   5]
wf2f,835275023,"[1404  356    0    4    0 1664   13    0  173   21   68    0  600   33
    0   28]",[343  93   0   5   0 415   5   0  49   1  16   0 151  12   0   2]
wf4f,1538414818,"[1417  342    0    5    3 1660   14    0  168   29   65    0  600   39
    0   22]",[360  78   0   3   0 416   4   0  42   5  19   0 150   7   0   8]
wf2f,1372041979,"[1396  363    0    5    0 1664   13    0  180   17   65    0  601   34
    0   26]",[351  87   0   3   0 415   5   0  41   6  19   0 151  10   0   4]
wf2f,1687681813,"[1392  367    0    5    0 1663   14    0  175   18   69    0  601   36
    0   24]",[350  88   0   3   0 416   4   0  45   6  15   0 151   8   0   6]
wf2f,1216982159,"[1383  374    0    7    0 1660   17    0  178   14   70    0  606   39
    0   16]",[351  89   0   1   0 419   1   0  40  12  14   0 156   5   0   4]
wf4f,226674600,"[1434  323    0    7    1 1660   16    0  164   33   65    0  622   36
    0    3]",[346  94   0   1   0 418   2   0  44   3  19   0 157   7   0   1]
wf2f,267322110,"[1398  359    0    7    0 1664   13    0  181   17   64    0  603   41
    0   17]",[349  91   0   1   0 415   5   0  39   7  20   0 155   3   0   7]
wf2f,1916154678,"[1388  369    0    7    0 1663   14    0  175   21   66    0  601   35
    0   25]",[359  81   0   1   0 416   4   0  46   2  18   0 150  10   0   5]
wf4f,722158869,"[1433  325    0    6    3 1657   17    0  169   27   66    0  604   36
    0   21]",[346  93   0   2   1 418   1   0  39   9  18   0 152  10   0   3]
wf2f,1896513159,"[1373  385    0    6    0 1662   15    0  173   21   68    0  606   34
    0   21]",[369  70   0   2   0 417   3   0  47   3  16   0 146  10   0   9]
wf2f,43597691,"[1395  362    0    7    0 1664   13    0  175   19   68    0  605   38
    0   18]",[366  74   0   1   0 415   5   0  47   3  16   0 147   6   0  12]
wf4f,992352623,"[1414  346    0    4    1 1662   14    0  168   26   68    0  602   37
    0   22]",[367  70   0   4   0 416   4   0  43   7  16   0 150   7   0   8]
wf2f,2063848834,"[1386  374    0    4    0 1664   13    0  180   14   68    0  595   41
    0   25]",[330 107   0   4   0 415   5   0  39  11  16   0 155   5   0   5]
wf2f,1885254942,"[1388  368    0    8    0 1661   16    0  181   19   62    0  612   31
    0   18]",[352  89   0   0   0 418   2   0  38   6  22   0 147  13   0   5]
wf2f,975070137,"[1394  363    0    7    0 1666   11    0  176   16   70    0  604   35
    0   22]",[356  84   0   1   0 413   7   0  44   6  16   0 147  10   0   8]
wf2f,827166624,"[1392  365    0    7    0 1662   15    0  180   18   64    0  609   36
    0   16]",[364  76   0   1   0 417   3   0  41   5  20   0 149   8   0   8]
wf4f,2015820521,"[1426  332    0    6    1 1662   14    0  169   25   68    0  592   50
    0   19]",[339 100   0   2   0 416   4   0  40  10  16   0 152   9   0   4]
wf2f,1429796205,"[1404  353    0    7    0 1663   14    0  173   21   68    0  608   33
    0   20]",[344  96   0   1   0 416   4   0  48   2  16   0 149  12   0   4]
wf4f,1947729121,"[1403  353    0    8    1 1662   14    0  166   30   66    0  605   37
    0   19]",[370  71   0   0   0 416   4   0  45   3  18   0 154   6   0   5]
wf2f,54454491,"[1397  362    0    5    0 1665   12    0  180   14   68    0  596   37
    0   28]",[341  97   0   3   0 414   6   0  42   8  16   0 154   9   0   2]
wf2f,1292477511,"[1402  356    0    6    0 1664   13    0  174   20   68    0  605   33
    0   23]",[356  82   0   3   0 415   5   0  48   2  16   0 147  11   0   7]
wf4f,293835627,"[1429  327    0    8    2 1661   14    0  168   24   70    0  604   40
    0   17]",[354  87   0   0   1 415   4   0  42  10  14   0 155   7   0   3]
wf2f,1614471612,"[1415  343    0    6    0 1665   12    0  172   18   72    0  605   35
    0   21]",[338 101   0   2   0 414   6   0  49   5  12   0 147   9   0   9]
wf2f,1062239611,"[1404  354    0    6    0 1663   14    0  171   20   71    0  606   39
    0   16]",[348  91   0   2   0 416   4   0  50   3  13   0 153   5   0   7]
wf4f,1056830043,"[1414  344    0    6    3 1660   14    0  166   24   72    0  600   41
    0   20]",[366  73   0   2   0 416   4   0  44  10  12   0 158   3   0   4]
wf2f,1406300211,"[1387  370    0    7    0 1661   16    0  173   22   67    0  606   34
    0   21]",[345  95   0   1   0 418   2   0  47   2  17   0 151  11   0   3]
wf2f,468338682,"[1393  363    0    8    0 1661   16    0  175   19   68    0  604   38
    0   19]",[371  70   0   0   0 418   2   0  46   4  16   0 154   4   0   7]
wf2f,2006175329,"[1393  363    0    8    0 1662   15    0  182   21   59    0  611   34
    0   16]",[367  74   0   0   0 417   3   0  38   3  25   0 152   8   0   5]
wf4f,164662770,"[1418  338    0    8    3 1660   14    0  170   26   66    0  604   34
    0   23]",[366  75   0   0   0 416   4   0  40   8  18   0 151  10   0   4]
wf2f,1191732320,"[1391  367    0    6    0 1660   17    0  172   21   69    0  614   32
    0   15]",[341  98   0   2   0 419   1   0  47   4  15   0 146  12   0   7]
wf2f,105877503,"[1402  354    0    8    0 1665   12    0  182   15   65    0  605   33
    0   23]",[342  99   0   0   0 414   6   0  40   7  19   0 151  12   0   2]
wf4f,2026330702,"[1416  343    0    5    1 1661   15    0  167   26   69    0  602   41
    0   18]",[352  86   0   3   0 417   3   0  41  10  15   0 156   6   0   3]
wf2f,1837987233,"[1390  368    0    6    0 1661   16    0  177   19   66    0  606   31
    0   24]",[344  95   0   2   0 418   2   0  42   6  18   0 146  13   0   6]
wf2f,1717248433,"[1392  365    0    7    0 1662   15    0  176   19   67    0  606   29
    0   26]",[348  92   0   1   0 417   3   0  44   5  17   0 146  15   0   4]
wf2f,1320910298,"[1387  370    0    7    0 1663   14    0  183   21   58    0  604   37
    0   20]",[354  86   0   1   0 416   4   0  37   3  26   0 154   7   0   4]
wf2f,76675552,"[1391  367    0    6    0 1662   15    0  175   22   65    0  603   36
    0   22]",[362  77   0   2   0 417   3   0  45   2  19   0 149   8   0   8]
wf2f,1531777415,"[1396  362    0    6    0 1664   13    0  174   17   71    0  600   36
    0   25]",[354  85   0   2   0 415   5   0  46   5  15   0 151   9   0   5]
wf2f,150112056,"[1396  362    0    6    0 1664   13    0  174   20   68    0  603   35
    0   23]",[347  92   0   2   0 415   5   0  47   3  16   0 148  10   0   7]
wf2f,641931343,"[1398  360    0    6    0 1660   17    0  175   20   67    0  604   36
    0   21]",[342  97   0   2   0 419   1   0  43   6  17   0 148   8   0   9]
wf4f,172788376,"[1439  319    0    6    3 1657   17    0  164   30   68    0  612   36
    0   13]",[345  94   0   2   1 418   1   0  44   6  16   0 152   8   0   5]
wf2f,63040297,"[1396  361    0    7    0 1663   14    0  176   20   66    0  600   34
    0   27]",[342  98   0   1   0 416   4   0  45   3  18   0 151  11   0   3]
wf2f,377822342,"[1400  357    0    7    0 1662   15    0  173   22   67    0  611   32
    0   18]",[347  93   0   1   0 417   3   0  46   3  17   0 147  12   0   6]
wf4f,1291312215,"[1423  335    0    6    1 1661   15    0  163   29   70    0  601   35
    0   25]",[354  85   0   2   0 417   3   0  47   5  14   0 151   9   0   5]
wf2f,831782023,"[1391  367    0    6    0 1663   14    0  176   14   72    0  601   39
    0   21]",[362  77   0   2   0 416   4   0  45   9  12   0 153   5   0   7]
wf2f,714771773,"[1403  355    0    6    0 1662   15    0  178   16   68    0  602   34
    0   25]",[348  91   0   2   0 417   3   0  43   7  16   0 150  10   0   5]
wf2f,835526394,"[1396  362    0    6    0 1662   15    0  176   18   68    0  605   35
    0   21]",[351  88   0   2   0 417   3   0  45   5  16   0 151   9   0   5]
wf2f,1530937790,"[1390  368    0    6    0 1662   15    0  178   20   64    0  607   34
    0   20]",[339 100   0   2   0 417   3   0  41   5  20   0 150  11   0   4]
wf2f,730575025,"[1399  358    0    7    0 1663   14    0  173   19   70    0  608   36
    0   17]",[355  85   0   1   0 416   4   0  48   4  14   0 152   8   0   5]
wf2f,133006160,"[1386  371    0    7    0 1661   16    0  180   21   61    0  615   28
    0   18]",[345  95   0   1   0 418   2   0  38   5  23   0 143  16   0   6]
wf2f,1538414818,"[1399  360    0    5    0 1663   14    0  177   20   65    0  603   36
    0   22]",[352  86   0   3   0 416   4   0  44   3  19   0 149   8   0   8]
wf4f,318237287,"[1411  347    0    6    1 1663   13    0  171   29   62    0  600   34
    0   27]",[368  71   0   2   0 415   5   0  41   3  22   0 152  10   0   3]
wf2f,1090505867,"[1392  365    0    7    0 1665   12    0  174   21   67    0  604   33
    0   24]",[345  95   0   1   0 414   6   0  47   2  17   0 147  12   0   6]
wf2f,448781952,"[1381  376    0    7    0 1664   13    0  174   18   70    0  604   35
    0   22]",[345  95   0   1   0 415   5   0  47   5  14   0 148  11   0   6]
wf4f,1551589007,"[1428  328    0    8    1 1661   15    0  164   30   68    0  609   34
    0   18]",[349  92   0   0   0 417   3   0  44   6  16   0 155  10   0   0]
wf2f,1374845114,"[1393  364    0    7    0 1661   16    0  173   20   69    0  611   34
    0   16]",[344  96   0   1   0 418   2   0  47   4  15   0 150  10   0   5]
wf2f,1208057369,"[1395  363    0    6    0 1664   13    0  170   21   71    0  607   37
    0   17]",[345  94   0   2   0 415   5   0  50   3  13   0 151   7   0   7]
wf2f,1000819612,"[1388  368    0    8    0 1663   14    0  174   18   70    0  598   37
    0   26]",[355  86   0   0   0 416   4   0  48   4  14   0 153   8   0   4]
pk,468338682,[ 30   8   2 116],[ 5  5  1 28]
wf2f,992352623,"[1384  375    0    5    0 1663   14    0  174   20   68    0  602   37
    0   22]",[368  69   0   4   0 416   4   0  47   3  16   0 150   7   0   8]
pk,1320910298,[ 29   9   1 117],[ 4  6  0 29]
wf2f,536714102,"[1390  369    0    5    0 1662   15    0  180   24   58    0  610   35
    0   16]",[338 100   0   3   0 417   3   0  40   0  26   0 147  10   0   8]
wf2f,722158869,"[1404  354    0    6    0 1660   17    0  179   17   66    0  601   33
    0   27]",[342  97   0   2   0 419   1   0  40   8  18   0 151  11   0   3]
pk,377822342,[ 26  12   5 113],[ 6  4  0 29]
wf4f,702861175,"[1428  328    0    8    0 1665   12    0  160   28   74    0  599   44
    0   18]",[348  93   0   0   3 411   6   0  50   6  10   0 149  14   0   2]
pk,133006160,[ 26  12   3 115],[ 4  6  1 28]
pk,1837987233,[ 28  10   3 115],[ 6  4  0 29]
wf2f,2007166991,"[1375  384    0    5    0 1660   17    0  179   19   64    0  600   38
    0   23]",[360  78   0   3   0 419   1   0  39   7  20   0 152   6   0   7]
pk,1000819612,[ 25  13   3 115],[ 7  3  0 29]
pk,641931343,[ 25  13   1 117],[ 4  6  4 25]
wf4f,1717248433,"[1423  334    0    7    1 1661   15    0  166   29   67    0  611   29
    0   21]",[356  84   0   1   1 416   3   0  42   7  17   0 146  15   0   4]
pk,1191732320,[ 26  12   3 115],[ 6  4  0 29]
pk,1530937790,[ 26  12   2 116],[ 8  2  2 27]
pk,913970101,[ 27  11   5 113],[ 8  2  2 27]
wf2f,368961245,"[1392  364    0    8    0 1663   14    0  169   18   75    0  609   35
    0   17]",[363  78   0   0   0 416   4   0  52   5   9   0 146   9   0  10]
pk,1531777415,[ 28  10   4 114],[ 2  8  0 29]
pk,1374845114,[ 28  10   4 114],[ 8  2  1 28]
pk,571639701,[ 26  12   4 114],[ 7  3  1 28]
pk,714771773,[ 25  13   3 115],[ 7  3  3 26]
wf2f,293835627,"[1396  360    0    8    0 1663   14    0  177   15   70    0  602   38
    0   21]",[358  83   0   0   0 416   4   0  44   8  14   0 156   6   0   3]
pk,2007166991,[ 27  11   2 116],[ 7  3  0 29]
pk,1574939224,[ 27  11   3 115],[ 4  6  1 28]
pk,1090505867,[ 27  11   3 115],[ 7  3  0 29]
pk,1448292546,[ 30   8   2 116],[ 4  6  1 28]
wf2f,1947729121,"[1392  364    0    8    0 1663   14    0  176   20   66    0  599   38
    0   24]",[367  74   0   0   0 416   4   0  46   2  18   0 153   6   0   6]
pk,223177552,[ 27  11   3 115],[ 6  4  0 29]
pk,536714102,[ 27  11   1 117],[ 6  4  3 26]
pk,349113877,[ 28  10   3 115],[ 6  4  0 29]
pk,380269677,[ 26  12   3 115],[ 7  3  1 28]
pk,2070448984,[ 24  14   2 116],[ 7  3  3 26]
pk,1675535513,[ 27  11   3 115],[ 8  2  1 28]
pk,1250963153,[ 27  11   3 115],[ 3  7  0 29]
wf4f,1586326972,"[1438  319    0    7    3 1658   16    0  170   27   65    0  610   35
    0   16]",[350  90   0   1   1 417   2   0  40   7  19   0 152   8   0   5]
pk,173714041,[ 27  11   2 116],[ 7  3  3 26]
pk,375682159,[ 27  11   3 115],[ 8  2  2 27]
pk,292988335,[ 26  12   3 115],[ 6  4  1 28]
wf2f,834749963,"[1403  354    0    7    0 1664   13    0  170   20   72    0  599   36
    0   26]",[344  96   0   1   0 415   5   0  51   3  12   0 152   9   0   4]
pk,226674600,[ 29   9   2 116],[ 6  4  1 28]
pk,139017236,[ 29   9   3 115],[ 5  5  1 28]
pk,829986915,[ 28  10   2 116],[ 5  5  0 29]
pk,1688120438,[ 26  12   4 114],[ 6  4  1 28]
pk,2015820521,[ 26  12   3 115],[ 8  2  1 28]
pk,915280321,[ 26  12   4 114],[ 6  4  1 28]
pk,879897629,[ 29   9   1 117],[ 4  6  0 29]
pk,1772115024,[ 25  13   2 116],[ 8  2  3 26]
wf4f,63040297,"[1435  322    0    7    1 1662   14    0  165   31   66    0  592   45
    0   24]",[343  97   0   1   3 413   4   0  43   5  18   0 146  17   0   2]
pk,1056830043,[ 27  11   5 113],[ 9  1  3 26]
pk,919435187,[ 27  11   1 117],[ 6  4  3 26]
wf2f,2026330702,"[1389  370    0    5    0 1662   15    0  172   21   69    0  596   39
    0   26]",[339  99   0   3   0 417   3   0  48   3  15   0 156   6   0   3]
pk,823797517,[ 28  10   2 116],[ 5  5  0 29]
pk,2111180817,[ 25  13   4 114],[ 9  1  2 27]
pk,1278535671,[ 26  12   2 116],[ 9  1  3 26]
wf2f,164662770,"[1394  362    0    8    0 1663   14    0  179   17   66    0  600   35
    0   26]",[363  78   0   0   0 416   4   0  42   6  18   0 152   9   0   4]
pk,1687681813,[ 27  11   3 115],[ 6  4  3 26]
pk,567860406,[ 27  11   3 115],[ 6  4  2 27]
pk,838666224,[ 29   9   3 115],[ 5  5  1 28]
pk,851227813,[ 26  12   3 115],[ 6  4  0 29]
pk,43597691,[ 26  12   2 116],[ 5  5  2 27]
pk,495778187,[ 24  14   2 116],[ 6  4  1 28]
pk,700577981,[ 27  11   3 115],[ 6  4  1 28]
pk,1429796205,[ 28  10   2 116],[ 4  6  0 29]
pk,345568667,[ 26  12   4 114],[ 6  4  2 27]
pk,844867540,[ 29   9   2 116],[ 5  5  2 27]
pk,267322110,[ 28  10   1 117],[ 6  4  2 27]
pk,1406300211,[ 27  11   2 116],[ 5  5  2 27]
pk,835275023,[ 28  10   1 117],[ 6  4  2 27]
pk,1980932681,[ 30   8   3 115],[ 5  5  0 29]
pk,827166624,[ 25  13   2 116],[ 7  3  1 28]
pk,448781952,[ 26  12   3 115],[ 7  3  3 26]
pk,1916154678,[ 29   9   3 115],[ 5  5  0 29]
pk,1614471612,[ 28  10   2 116],[ 4  6  1 28]
pk,254628334,[ 28  10   3 115],[ 5  5  0 29]
pk,722158869,[ 26  12   4 114],[ 8  2  2 27]
wf4f,1040585337,"[1417  343    0    4    1 1662   14    0  172   26   64    0  606   37
    0   18]",[346  91   0   4   0 416   4   0  40   6  20   0 154   7   0   4]
pk,1885254942,[ 28  10   4 114],[ 6  4  0 29]
pk,105877503,[ 27  11   2 116],[ 5  5  0 29]
pk,390873262,[ 26  12   3 115],[ 8  2  4 25]
pk,1947729121,[ 26  12   2 116],[ 6  4  0 29]
wf2f,1291312215,"[1399  358    0    7    0 1662   15    0  172   20   70    0  600   36
    0   25]",[346  93   0   2   0 417   3   0  48   4  14   0 152   8   0   5]
pk,1062239611,[ 27  11   4 114],[ 7  3  1 28]
pk,150112056,[ 27  11   5 113],[ 8  2  1 28]
pk,1565921456,[ 28  10   4 114],[ 7  3  2 27]
wf4f,730575025,"[1420  337    0    7    1 1662   14    0  163   29   70    0  611   35
    0   15]",[365  75   0   1   0 416   4   0  48   4  14   0 151   9   0   5]
pk,164662770,[ 28  10   2 116],[ 5  5  0 29]
pk,835526394,[ 28  10   3 115],[ 5  5  0 29]
pk,992352623,[ 30   8   3 115],[ 5  5  1 28]
wf2f,172788376,"[1401  357    0    6    0 1660   17    0  172   22   68    0  610   36
    0   15]",[346  93   0   2   0 419   1   0  47   3  16   0 151   8   0   6]
pk,1216982159,[ 29   9   2 116],[ 5  5  3 26]
pk,172788376,[ 26  12   4 114],[ 6  4  0 29]
pk,293835627,[ 28  10   2 116],[ 6  4  0 29]
pk,2063848834,[ 25  13   2 116],[ 6  4  1 28]
pk,318237287,[ 30   8   3 115],[ 5  5  2 27]
pk,2026330702,[ 24  14   4 114],[ 7  3  1 28]
pk,54454491,[ 28  10   2 116],[ 6  4  2 27]
pk,702861175,[ 27  11   4 114],[ 8  2  0 29]
pk,1291312215,[ 25  13   2 116],[ 7  3  1 28]
pk,1551589007,[ 27  11   2 116],[ 7  3  1 28]
pk,1586326972,[ 26  12   2 116],[ 7  3  0 29]
pk,1717248433,[ 28  10   3 115],[ 6  4  1 28]
pk,1040585337,[ 25  13   4 114],[ 8  2  1 28]
pk,63040297,[ 28  10   3 115],[ 4  6  0 29]
pk,399499449,[ 26  12   3 115],[ 8  2  2 27]
wf4f,399499449,"[1427  331    0    6    3 1662   12    0  163   24   75    0  603   42
    0   16]",[358  81   0   2   1 413   6   0  47  10   9   0 152   7   0   6]
pk,730575025,[ 30   8   2 116],[ 4  6  0 29]
pk,674751741,[ 28  10   3 115],[ 5  5  0 29]
wf2f,1551589007,"[1401  355    0    8    0 1662   15    0  175   19   68    0  606   35
    0   20]",[333 108   0   0   0 417   3   0  45   5  16   0 155   9   0   1]
pk,1208057369,[ 26  12   3 115],[ 5  5  0 29]
pk,1372041979,[ 29   9   2 116],[ 4  6  1 28]
pk,368961245,[ 30   8   1 117],[ 3  7  0 29]
pk,1896513159,[ 29   9   3 115],[ 6  4  0 29]
pk,834749963,[ 28  10   1 117],[ 6  4  3 26]
pk,975070137,[ 27  11   3 115],[ 7  3  0 29]
pk,1292477511,[ 26  12   2 116],[ 8  2  2 27]
pk,2006175329,[ 28  10   4 114],[ 6  4  1 28]
wf4f,1208057369,"[1426  332    0    6    1 1663   13    0  163   28   71    0  608   40
    0   13]",[349  90   0   2   1 414   5   0  47   6  13   0 151   7   0   7]
pk,76675552,[ 27  11   4 114],[ 6  4  2 27]
pk,831782023,[ 25  13   2 116],[ 9  1  1 28]
pk,1538414818,[ 26  12   2 116],[ 7  3  2 27]
wf4f,368961245,"[1413  343    0    8    3 1660   14    0  161   26   75    0  608   40
    0   13]",[368  73   0   0   1 415   4   0  48   9   9   0 150   7   0   8]
